Ordinateur,Departement,Service
PG-000000-Y00182,VentesEtDeveloppementCommercial,ADV
PG-000000-Y00190,VentesEtDeveloppementCommercial,ADV
PG-000000-Y00240,VentesEtDeveloppementCommercial,ADV
PG-000000-Y00245,VentesEtDeveloppementCommercial,ADV
PG-000000-Y00271,VentesEtDeveloppementCommercial,ADV
PG-000000-Y00298,VentesEtDeveloppementCommercial,ADV
PG-000000-Y00308,VentesEtDeveloppementCommercial,ADV
PG-000000-Y00316,VentesEtDeveloppementCommercial,ADV
PG-000000-Y00338,DevLogiciel,AnalyseEtConception
PG-000000-Y00340,DevLogiciel,AnalyseEtConception
PG-000000-Y00342,DevLogiciel,AnalyseEtConception
PG-000000-Y00167,VentesEtDeveloppementCommercial,B2B
PG-000000-Y00172,VentesEtDeveloppementCommercial,B2B
PG-000000-Y00174,VentesEtDeveloppementCommercial,B2B
PG-000000-Y00176,VentesEtDeveloppementCommercial,B2B
PG-000000-Y00191,VentesEtDeveloppementCommercial,B2B
PG-000000-Y00192,VentesEtDeveloppementCommercial,B2B
PG-000000-Y00193,VentesEtDeveloppementCommercial,B2B
PG-000000-Y00232,VentesEtDeveloppementCommercial,B2B
PG-000000-Y00235,VentesEtDeveloppementCommercial,B2B
PG-000000-Y00264,VentesEtDeveloppementCommercial,B2B
PG-000000-Y00280,VentesEtDeveloppementCommercial,B2B
PG-000000-Y00299,VentesEtDeveloppementCommercial,B2B
PG-000000-Y00154,VentesEtDeveloppementCommercial,B2C
PG-000000-Y00204,VentesEtDeveloppementCommercial,B2C
PG-000000-Y00237,VentesEtDeveloppementCommercial,B2C
PG-000000-Y00263,VentesEtDeveloppementCommercial,B2C
PG-000000-Y00291,VentesEtDeveloppementCommercial,B2C
PG-000000-Y00314,VentesEtDeveloppementCommercial,B2C
PG-000000-Y00268,ServicesJuridiques,Contentieux
PG-000000-Y00274,ServicesJuridiques,Contentieux
PG-000000-Y00283,ServicesJuridiques,Contentieux
PG-000000-Y00289,ServicesJuridiques,Contentieux
PG-000000-Y00189,ServicesJuridiques,Contrats
PG-000000-Y00196,ServicesJuridiques,Contrats
PG-000000-Y00231,ServicesJuridiques,Contrats
PG-000000-Y00256,ServicesJuridiques,Contrats
PG-000000-Y00156,DirectionFinanciere,ControleDeGestion
PG-000000-Y00181,DirectionFinanciere,ControleDeGestion
PG-000000-Y00198,DirectionFinanciere,ControleDeGestion
PG-000000-Y00200,DirectionFinanciere,ControleDeGestion
PG-000000-Y00251,DirectionFinanciere,ControleDeGestion
PG-000000-Y00212,SystemesInformation,Data
PG-000000-Y00214,SystemesInformation,Data
PG-000000-Y00225,SystemesInformation,Data
PG-000000-Y00337,DevLogiciel,Developpement
PG-000000-Y00339,DevLogiciel,Developpement
PG-000000-Y00341,DevLogiciel,Developpement
PG-000000-Y00343,DevLogiciel,Developpement
PG-000000-Y00344,DevLogiciel,Developpement
PG-000000-Y00345,DevLogiciel,Developpement
PG-000000-Y00346,DevLogiciel,Developpement
PG-000000-Y00347,DevLogiciel,Developpement
PG-000000-Y00349,DevLogiciel,Developpement
PG-000000-Y00351,DevLogiciel,Developpement
PG-000000-Y00352,DevLogiciel,Developpement
PG-000000-Y00357,DevLogiciel,Developpement
PG-000000-Y00161,VentesEtDeveloppementCommercial,DeveloppementInternationnal
PG-000000-Y00194,VentesEtDeveloppementCommercial,DeveloppementInternationnal
PG-000000-Y00210,VentesEtDeveloppementCommercial,DeveloppementInternationnal
PG-000000-Y00228,VentesEtDeveloppementCommercial,DeveloppementInternationnal
PG-000000-Y00302,VentesEtDeveloppementCommercial,DeveloppementInternationnal
PG-000000-Y00183,SystemesInformation,DeveloppementLogiciel
PG-000000-Y00208,SystemesInformation,DeveloppementLogiciel
PG-000000-Y00297,Communication,DirecteurDeBranche
PG-000000-Y00287,DirectionMarketing,DirecteurDeBranche
PG-000000-Y00179,RessourcesHumaines,DirecteurDeBranche
PG-000000-Y00219,RessourcesHumaines,DirecteurDeBranche
PG-000000-Y00153,DirectionGenerale,Direction
PG-000000-Y00246,DirectionGenerale,Direction
PG-000000-Y00261,DirectionGenerale,Direction
PG-000000-Y00265,DirectionGenerale,Direction
PG-000000-Y00305,DirectionGenerale,Direction
PG-000000-Y00318,DirectionGenerale,Direction
PG-000000-Y00173,DirectionFinanciere,Finance
PG-000000-Y00188,DirectionFinanciere,Finance
PG-000000-Y00211,DirectionFinanciere,Finance
PG-000000-Y00275,DirectionFinanciere,Finance
PG-000000-Y00288,DirectionFinanciere,Finance
PG-000000-Y00317,DirectionFinanciere,Finance
PG-000000-Y00163,RessourcesHumaines,Formation
PG-000000-Y00260,RessourcesHumaines,Formation
PG-000000-Y00313,RessourcesHumaines,Formation
PG-000000-Y00353,Communication,GestionDesMarques
PG-000000-Y00354,Communication,GestionDesMarques
PG-000000-Y00157,RessourcesHumaines,GestionDesPerformances
PG-000000-Y00178,RessourcesHumaines,GestionDesPerformances
PG-000000-Y00187,RessourcesHumaines,GestionDesPerformances
PG-000000-Y00197,RessourcesHumaines,GestionDesPerformances
PG-000000-Y00242,RessourcesHumaines,GestionDesPerformances
PG-000000-Y00266,RessourcesHumaines,GestionDesPerformances
PG-000000-Y00277,RessourcesHumaines,GestionDesPerformances
PG-000000-Y00285,RessourcesHumaines,GestionDesPerformances
PG-000000-Y00217,ServicesGeneraux,GestionImmobiliere
PG-000000-Y00282,ServicesGeneraux,GestionImmobiliere
PG-000000-Y00155,VentesEtDeveloppementCommercial,GrandsComptes
PG-000000-Y00247,VentesEtDeveloppementCommercial,GrandsComptes
PG-000000-Y00284,VentesEtDeveloppementCommercial,GrandsComptes
PG-000000-Y00301,VentesEtDeveloppementCommercial,GrandsComptes
PG-000000-Y00319,VentesEtDeveloppementCommercial,GrandsComptes
PG-000000-Y00171,R&D,InnovationEtStratégie
PG-000000-Y00185,R&D,InnovationEtStratégie
PG-000000-Y00186,R&D,InnovationEtStratégie
PG-000000-Y00195,R&D,InnovationEtStratégie
PG-000000-Y00203,R&D,InnovationEtStratégie
PG-000000-Y00213,R&D,InnovationEtStratégie
PG-000000-Y00221,R&D,InnovationEtStratégie
PG-000000-Y00233,R&D,InnovationEtStratégie
PG-000000-Y00249,R&D,InnovationEtStratégie
PG-000000-Y00293,R&D,InnovationEtStratégie
PG-000000-Y00315,R&D,InnovationEtStratégie
PG-000000-Y00322,R&D,InnovationEtStratégie
PG-000000-Y00323,R&D,InnovationEtStratégie
PG-000000-Y00324,R&D,InnovationEtStratégie
PG-000000-Y00325,R&D,InnovationEtStratégie
PG-000000-Y00326,R&D,InnovationEtStratégie
PG-000000-Y00327,R&D,InnovationEtStratégie
PG-000000-Y00328,R&D,InnovationEtStratégie
PG-000000-Y00329,R&D,InnovationEtStratégie
PG-000000-Y00330,R&D,InnovationEtStratégie
PG-000000-Y00331,R&D,InnovationEtStratégie
PG-000000-Y00332,R&D,InnovationEtStratégie
PG-000000-Y00333,R&D,InnovationEtStratégie
PG-000000-Y00334,R&D,InnovationEtStratégie
PG-000000-Y00165,R&D,Laboratoire
PG-000000-Y00199,R&D,Laboratoire
PG-000000-Y00207,R&D,Laboratoire
PG-000000-Y00226,R&D,Laboratoire
PG-000000-Y00227,R&D,Laboratoire
PG-000000-Y00158,ServicesGeneraux,Logistique
PG-000000-Y00175,ServicesGeneraux,Logistique
PG-000000-Y00218,ServicesGeneraux,Logistique
PG-000000-Y00230,ServicesGeneraux,Logistique
PG-000000-Y00244,ServicesGeneraux,Logistique
PG-000000-Y00269,ServicesGeneraux,Logistique
PG-000000-Y00295,ServicesGeneraux,Logistique
PG-000000-Y00303,ServicesGeneraux,Logistique
PG-000000-Y00307,ServicesGeneraux,Logistique
PG-000000-Y00310,ServicesGeneraux,Logistique
PG-000000-Y00201,DirectionMarketing,MarketingDigital
PG-000000-Y00236,DirectionMarketing,MarketingDigital
PG-000000-Y00262,DirectionMarketing,MarketingDigital
PG-000000-Y00311,DirectionMarketing,MarketingDigital
PG-000000-Y00159,DirectionMarketing,MarketingOperationnel
PG-000000-Y00162,DirectionMarketing,MarketingOperationnel
PG-000000-Y00164,DirectionMarketing,MarketingOperationnel
PG-000000-Y00234,DirectionMarketing,MarketingOperationnel
PG-000000-Y00250,DirectionMarketing,MarketingOperationnel
PG-000000-Y00254,DirectionMarketing,MarketingOperationnel
PG-000000-Y00281,DirectionMarketing,MarketingOperationnel
PG-000000-Y00292,DirectionMarketing,MarketingOperationnel
PG-000000-Y00152,DirectionMarketing,MarketingProduit
PG-000000-Y00180,DirectionMarketing,MarketingProduit
PG-000000-Y00252,DirectionMarketing,MarketingProduit
PG-000000-Y00304,DirectionMarketing,MarketingProduit
PG-000000-Y00168,DirectionMarketing,MarketingStrategique
PG-000000-Y00216,DirectionMarketing,MarketingStrategique
PG-000000-Y00267,DirectionMarketing,MarketingStrategique
PG-000000-Y00279,DirectionMarketing,MarketingStrategique
PG-000000-Y00335,ServicesJuridiques,ProprieteIntellectuelle
PG-000000-Y00150,Communication,Publicite
PG-000000-Y00166,Communication,Publicite
PG-000000-Y00170,Communication,Publicite
PG-000000-Y00177,Communication,Publicite
PG-000000-Y00184,Communication,Publicite
PG-000000-Y00206,Communication,Publicite
PG-000000-Y00209,Communication,Publicite
PG-000000-Y00238,Communication,Publicite
PG-000000-Y00290,Communication,Publicite
PG-000000-Y00296,Communication,Publicite
PG-000000-Y00312,Communication,Publicite
PG-000000-Y00248,RessourcesHumaines,Recrutement
PG-000000-Y00253,RessourcesHumaines,Recrutement
PG-000000-Y00255,RessourcesHumaines,Recrutement
PG-000000-Y00294,RessourcesHumaines,Recrutement
PG-000000-Y00300,RessourcesHumaines,Recrutement
PG-000000-Y00306,RessourcesHumaines,Recrutement
PG-000000-Y00336,Communication,RelationMedias
PG-000000-Y00350,Communication,RelationMedias
PG-000000-Y00202,Communication,RelationPubliqueEtPresse
PG-000000-Y00272,Communication,RelationPubliqueEtPresse
PG-000000-Y00278,Communication,RelationPubliqueEtPresse
PG-000000-Y00320,Communication,RelationPubliqueEtPresse
PG-000000-Y00321,Communication,RelationPubliqueEtPresse
PG-000000-Y00169,RessourcesHumaines,SanteEtSecuriteAuTravail
PG-000000-Y00241,RessourcesHumaines,SanteEtSecuriteAuTravail
PG-000000-Y00258,RessourcesHumaines,SanteEtSecuriteAuTravail
PG-000000-Y00259,RessourcesHumaines,SanteEtSecuriteAuTravail
PG-000000-Y00276,RessourcesHumaines,SanteEtSecuriteAuTravail
PG-000000-Y00220,DirectionGenerale,Secretaire
PG-000000-Y00286,DirectionGenerale,Secretaire
PG-000000-Y00224,VentesEtDeveloppementCommercial,ServiceAchat
PG-000000-Y00229,VentesEtDeveloppementCommercial,ServiceAchat
PG-000000-Y00257,VentesEtDeveloppementCommercial,ServiceAchat
PG-000000-Y00270,VentesEtDeveloppementCommercial,ServiceAchat
PG-000000-Y00273,VentesEtDeveloppementCommercial,ServiceAchat
PG-000000-Y00151,VentesEtDeveloppementCommercial,ServiceClient
PG-000000-Y00205,VentesEtDeveloppementCommercial,ServiceClient
PG-000000-Y00215,VentesEtDeveloppementCommercial,ServiceClient
PG-000000-Y00239,VentesEtDeveloppementCommercial,ServiceClient
PG-000000-Y00243,VentesEtDeveloppementCommercial,ServiceClient
PG-000000-Y00160,DirectionFinanciere,ServiceComptabilite
PG-000000-Y00222,DirectionFinanciere,ServiceComptabilite
PG-000000-Y00309,DirectionFinanciere,ServiceComptabilite
PG-000000-Y00223,SystemesInformation,T0
PG-000000-Z00100,SystemesInformation,T0
PG-000000-Z00101,SystemesInformation,T0
PG-000000-Z00102,SystemesInformation,T0
PG-000000-Z00103,SystemesInformation,T0
PG-000000-Y00348,DevLogiciel,TestsEtQualite
PG-000000-Y00355,DevLogiciel,TestsEtQualite
PG-000000-Y00356,DevLogiciel,TestsEtQualite