Civilité,Prénom,Nom,Matricule ID,Société,Site,Département / Raccourci AD,Service,fonction,Manager - prénom,Manager - nom,Nom de PC,Marque PC,Date de naissance,Téléphone fixe,Téléphone portable
M.,Carlos,Alvarez,U00009,Pharmgreen,Lyon,Communication / COM,Relation Publique et Presse,Chargé en droit de la communication,Alexandre,Chevalier,P0787,HP,07/03/1984,0412345678,0617625864
Mme,Pauline,Blanc,U00016,Pharmgreen,Lyon,Communication / COM,Publicité,Publicitaire,Luca,Rizzo,P0102,LENOVO,29/04/1991,0476543210,0725602768
M.,Alexandre,Chevalier,U00028,Pharmgreen,Lyon,Communication / COM,Relation Publique et Presse,Responsable relation média,Valentina,Ferrari,P0574,DELL,06/02/1972,0456789012,0776144596
Mme,Valentina,Ferrari,U00051,,Lyon,Communication / COM,-,Directrice communication,Kelly,Arnaud,P0702,HP,28/06/1988,0440987654,0666052403
Mme,Léa,Gagnon-Leclercq,U00059,Pharmgreen,Lyon,Communication / COM,Relation Publique et Presse,Chargé de presse,Alexandre,Chevalier,P0784,LENOVO,16/08/1970,0445678901,0728712373
Mme,Charlotte,Giroux,U00070,Pharmgreen,Lyon,Communication / COM,Publicité,Webmaster,Luca,Rizzo,P0070,DELL,14/02/1980,0434567890,0776098470
M.,Felix,Hoffmann,U00078,Pharmgreen,Lyon,Communication / COM,Publicité,Designer graphique,Luca,Rizzo,P0003,LENOVO,24/09/1985,0423456789,0757867820
Mme,Valérie,Houddin,U00079,Pharmgreen,Lyon,Communication / COM,Publicité,Designer graphique,Luca,Rizzo,P0681,LENOVO,10/09/1989,0456789012,0788510223
Mme,Ariane,Kaine,U00087,Kamera,Lyon,Communication / COM,Publicité,Caméraman,Luca,Rizzo,-,-,-,-,-
M.,Jean-Henri,Lambert,U00094,Pharmgreen,Lyon,Communication / COM,Publicité,Photographe,Luca,Rizzo,P0244,TOSHIBA,12/01/1998,0421098765,0733857081
Mme,Elodie,Le Boucher,U00099,Pharmgreen,Lyon,Communication / COM,Publicité,Publicitaire,Luca,Rizzo,P0051,DELL,24/04/1993,0412345678,0682347056
Mme,Amélie,Le Fournil,U00100,Pharmgreen,Lyon,Communication / COM,Publicité,Publicitaire,Luca,Rizzo,P0655,LENOVO,12/10/1975,0467890123,0639019377
M.,Jean,Maire,U00128,Kamera,Lyon,Communication / COM,Publicité,Réalisateur,Luca,Rizzo,-,-,-,-,0645220384
M.,Jean-Pascal,Millith,U00140,Kamera,Lyon,Communication / COM,Publicité,Ingénieur son,Luca,Rizzo,-,-,-,-,-
M.,Giovanni,Moretti,U00143,Pharmgreen,Lyon,Communication / COM,Publicité,Publicitaire,Luca,Rizzo,P0769,LENOVO,13/05/1999,0432109876,0771068451
Mme,Virginie,Perrin,U00157,Pharmgreen,Lyon,Communication / COM,Relation Publique et Presse,Chargé de communication,Alexandre,Chevalier,P0232,DELL,13/02/2000,0443210987,0767977011
Mme,Noémie,Pichonnet,U00165,Pharmgreen,Lyon,Communication / COM,Publicité,Publicitaire,Luca,Rizzo,P0417,HP,29/01/1978,0432109876,0789291227
M.,Marco,Ricci,U00174,Pharmgreen,Lyon,Communication / COM,Publicité,Publicitaire,Luca,Rizzo,P0254,DELL,30/07/1985,0445678901,0749269032
M.,Luca,Rizzo,U00176,Pharmgreen,Lyon,Communication / COM,Publicité,Responsable publicité,Valentina,Ferrari,P0125,HP,12/09/1978,0487654321,0627924335
M.,Lukas,Rousseau,U00180,Pharmgreen,Lyon,Communication / COM,Gestion des marques,photographe,Luca,Rizzo,PA74987,DELL,19/04/1993,0199526389,-
M.,Gaetan,Roussel,U00182,Pharmgreen,Lyon,Communication / COM,Gestion des marques,Webmaster,Luca,Rizzo,PA74884,DELL,27/10/1994,0181708327,-
M.,Adrian,Schultz,U00191,Pharmgreen,Lyon,Communication / COM,Relation Publique et Presse,Chargé de presse,Alexandre,Chevalier,P0600,HP,31/05/1998,0440987654,0796563135
Mme,Salma,Singh,U00195,Pharmgreen,Lyon,Communication / COM,Relation Médias,Rédacteur,Alexandre,Chevalier,PA58693,TOSHIBA,18/03/1995,0112550362,-
Mme,Elsa,Tashi,U00203,Pharmgreen,Lyon,Communication / COM,Relation Médias,Rédacteur,Alexandre,Chevalier,PA10326,HP,08/12/1996,0199523757,-
Mme,Nadège,Rouiller,U00179,Pharmgreen,Lyon,Développement logiciel / DEV,analyse et conception,Développeur,Raj,Traoré,PA36514,LENOVO,05/12/1983,-,-
M.,Sacha,Sacha-David,U00187,Pharmgreen,Lyon,Développement logiciel / DEV,analyse et conception,Développeur,Raj,Traoré,PA31686,LENOVO,13/08/1991,-,-
Mme,Elena,Sánchez,U00188,Pharmgreen,Lyon,Développement logiciel / DEV,Tests et qualité,Responsable test et qualité,Kelly,Arnaud,PA83940,DELL,23/12/1986,0107161739,-
M.,Benjamin,Schmitt,U00189,Pharmgreen,Lyon,Développement logiciel / DEV,Développement,Développeur,Raj,Traoré,PA33002,TOSHIBA,10/01/1986,-,-
Mme,Julia,Schneider,U00190,Pharmgreen,Lyon,Développement logiciel / DEV,Développement,Développeur,Raj,Traoré,PA43252,HP,02/09/1997,-,-
M.,Abdou,Selim,U00192,Pharmgreen,Lyon,Développement logiciel / DEV,Développement,Développeur,Raj,Traoré,PA48935,DELL,17/06/1995,-,-
Mme,Eva,Simonet,U00194,Pharmgreen,Lyon,Développement logiciel / DEV,Tests et qualité,Développeur,Elena,Sánchez,PA81191,HP,20/01/1994,-,-
Mme,Zoe,Smith,U00197,Pharmgreen,Lyon,Développement logiciel / DEV,Développement,Développeur,Raj,Traoré,PA53861,DELL,19/06/1998,-,-
M.,Hiroshi,Sow,U00199,Pharmgreen,Lyon,Développement logiciel / DEV,Développement,Développeur,Raj,Traoré,PA48941,DELL,11/02/2001,-,-
M.,Kaito,Takahashi,U00200,Pharmgreen,Lyon,Développement logiciel / DEV,Développement,Développeur,Raj,Traoré,PA92121,DELL,04/12/1996,-,-
M.,Adam,Thomas,U00204,Pharmgreen,Lyon,Développement logiciel / DEV,analyse et conception,Développeur,Raj,Traoré,PA43813,LENOVO,03/03/1993,-,-
M.,Raj,Traoré,U00206,Pharmgreen,Lyon,Développement logiciel / DEV,Développement,Responsable dev,Kelly,Arnaud,PA48947,HP,16/10/1978,-,-
Mme,Zineb,Verma,U00208,Pharmgreen,Lyon,Développement logiciel / DEV,Développement,Développeur,Raj,Traoré,PA48946,DELL,27/03/1994,-,-
M.,David,Vidal,U00209,Pharmgreen,Lyon,Développement logiciel / DEV,Développement,Développeur,Raj,Traoré,PA59874,LENOVO,16/12/1985,-,-
M.,Maximilian,Wagner,U00211,Pharmgreen,Lyon,Développement logiciel / DEV,Tests et qualité,Développeur,Elena,Sánchez,PA53201,DELL,29/11/1984,-,-
M.,Hao,Wang,U00212,Pharmgreen,Lyon,Développement logiciel / DEV,Développement,Développeur,Raj,Traoré,PA70346,LENOVO,19/07/1984,-,-
Mme,Anya,Yamada,U00213,Pharmgreen,Lyon,Développement logiciel / DEV,Développement,Développeur,Raj,Traoré,PA48940,TOSHIBA,05/05/1993,-,-
Mme,Aurélie,Yosef,U00214,Pharmgreen,Lyon,Développement logiciel / DEV,Développement,Développeur,Raj,Traoré,PA23575,HP,23/08/1990,-,-
M.,Quentin,Blanchard,U00017,Pharmgreen,Lyon,Direction Financière / FIN,Contrôle de Gestion,Contrôleur de gestion,Aurélie,Petit,P0036,DELL,01/09/1982,0487654321,-
Mme,Estelle,Dubois--Melun,U00040,Pharmgreen,Lyon,Direction Financière / FIN,Service Comptabilité,Comptable,Aurélie,Petit,P0738,LENOVO,24/01/1985,0456789012,-
Mme,Louisa,Dupont,U00044,Pharmgreen,Lyon,Direction Financière / FIN,Contrôle de Gestion,Contrôleur de gestion,Aurélie,Petit,P0215,TOSHIBA,10/09/1989,0423456789,-
Mme,Zoé,Dupuis,U00046,Pharmgreen,Lyon,Direction Financière / FIN,Contrôle de Gestion,Contrôleur de gestion,Aurélie,Petit,P0223,HP,30/10/1972,0434567890,-
Mme,Anaïs,Fontaine,U00052,Pharmgreen,Lyon,Direction Financière / FIN,Contrôle de Gestion,Contrôleur de gestion,Aurélie,Petit,P0482,TOSHIBA,02/01/1996,0445678901,-
M.,Romain,Gauthier,U00066,Pharmgreen,Lyon,Direction Financière / FIN,Service Comptabilité,Comptable,Aurélie,Petit,P0041,TOSHIBA,03/01/1984,0421098765,-
Mme,Justinia,Lafontaine,U00092,Pharmgreen,Lyon,Direction Financière / FIN,Finance,Analyste financier,Aurélie,Petit,P0653,HP,10/12/1993,0467890123,-
M.,Victor,Lemoine-Franquin,U00115,Pharmgreen,Lyon,Direction Financière / FIN,Finance,Analyste financier,Aurélie,Petit,P0593,LENOVO,11/11/1977,0421098765,-
M.,Gabriel,Mercier,U00137,Pharmgreen,Lyon,Direction Financière / FIN,Finance,Analyste financier,Aurélie,Petit,P0085,DELL,29/06/1987,0412345678,-
M.,Leon,Müller,U00148,Pharmgreen,Lyon,Direction Financière / FIN,Finance,Analyste financier,Aurélie,Petit,P0778,DELL,21/03/1990,0476543210,-
Mme,Morgane,Palaiseau,U00154,Pharmgreen,Lyon,Direction Financière / FIN,Finance,Analyste financier,Aurélie,Petit,P0261,TOSHIBA,01/11/1983,0412345678,-
Mme,Aurélie,Petit,U00161,Pharmgreen,Lyon,Direction Financière / FIN,Finance,DAF,Kelly,Arnaud,P0173,HP,04/02/1991,0476543210,0755275775
Mme,Eva,Reyer,U00173,Pharmgreen,Lyon,Direction Financière / FIN,Contrôle de Gestion,Contrôleur de gestion,Aurélie,Petit,P0117,TOSHIBA,03/04/1990,0434567890,-
M.,Mathieu,Roux,U00184,Pharmgreen,Lyon,Direction Financière / FIN,Service Comptabilité,Comptable,Aurélie,Petit,P0342,HP,22/07/1998,0487654321,-
M.,Gilles,Faure,U00049,Pharmgreen,Lyon,Direction Générale / DG,-,CEO,-,-,P0717,TOSHIBA,26/05/1970,0421098765,0702448459
Mme,Fanny,Garnier,U00065,Pharmgreen,Lyon,Direction Générale / DG,-,Assistant de direction,Émile,Legrand,P0780,HP,24/01/1973,0412345678,0612078045
Mme,Juliette,Guerin,U00073,Pharmgreen,Lyon,Direction Générale / DG,-,Secrétaire,Gilles,Faure,P0648,TOSHIBA,19/03/1988,0487654321,0676933767
Mme,Laure,Henry,U00075,Pharmgreen,Lyon,Direction Générale / DG,-,Assistant de direction,Gilles,Faure,P0535,TOSHIBA,17/04/1985,0412345678,0606523189
Mme,Mia,Heschklaesh,U00077,Pharmgreen,Lyon,Direction Générale / DG,-,Secrétaire,Émile,Legrand,P0333,TOSHIBA,24/06/1992,0456789012,0656297307
M.,Émile,Legrand,U00113,Pharmgreen,Lyon,Direction Générale / DG,-,Directeur adjoint,Gilles,Faure,P0029,LENOVO,01/08/1981,0440987654,0668784704
M.,Kévin,Muller,U00147,Pharmgreen,Lyon,Direction Générale / DG,-,Assistant de direction,Gilles,Faure,P0517,DELL,21/01/1974,0445678901,0632826644
Mme,Hélène,Rousseau,U00181,Pharmgreen,Lyon,Direction Générale / DG,-,Assistant de direction,Émile,Legrand,P0459,HP,05/04/1974,0432109876,0798576239
M.,Édouard,Boulanger,U00020,Pharmgreen,Lyon,Direction Marketing / MARK,Marketing Opérationnel,Chargé de promotion,Justine,Gallet,P0471,HP,15/03/1988,0476543210,0699850248
Mme,Vanessa,Boyer,U00021,Pharmgreen,Lyon,Direction Marketing / MARK,Marketing stratégique,Analyste marketing,Amaury,Meyer,P0541,HP,27/12/1984,0412345678,0637936280
Mme,Danielle,Carpentier,U00024,Pharmgreen,Lyon,Direction Marketing / MARK,Marketing Opérationnel,Chargé de promotion,Justine,Gallet,P0379,DELL,08/07/1974,0467890123,0674484733
Mme,Sylvie,Charpentier,U00025,Pharmgreen,Lyon,Direction Marketing / MARK,Marketing Digital,Responsable marketing digital,Brigitte,Lucas,P0224,HP,13/04/1971,0445678901,0609992482
M.,Kylian,Chauvin,U00026,Pharmgreen,Lyon,Direction Marketing / MARK,Marketing Produit,Chef de produit,Paulette,Huet,P0024,HP,30/04/1991,0434567890,0735615585
M.,Ulrich,Da Silva,U00031,Pharmgreen,Lyon,Direction Marketing / MARK,Marketing Digital,Content manager,Sylvie,Charpentier,P0764,DELL,24/06/1970,0423456789,0760489146
M.,Rémi,Deschamps,U00037,Pharmgreen,Lyon,Direction Marketing / MARK,Marketing Digital,Community manager,Sylvie,Charpentier,P0399,TOSHIBA,25/02/1975,0456789012,0777610318
M.,Gaël,Du Garnier,U00038,Pharmgreen,Lyon,Direction Marketing / MARK,Marketing Opérationnel,Assistant marketing,Justine,Gallet,P0040,HP,22/08/1989,0476543210,0616096309
M.,Charles,Fernandez,U00050,Pharmgreen,Lyon,Direction Marketing / MARK,Marketing Opérationnel,Chargé de promotion,Justine,Gallet,P0043,LENOVO,26/07/1972,0423456789,0632850032
Mme,Justine,Gallet,U00060,Pharmgreen,Lyon,Direction Marketing / MARK,Marketing Opérationnel,Responsable Marketing Operationnel,Brigitte,Lucas,P0663,HP,14/09/1973,0434567890,0689838313
Mme,Paulette,Huet,U00081,Pharmgreen,Lyon,Direction Marketing / MARK,Marketing Produit,Responsable de gamme,Brigitte,Lucas,P0483,DELL,25/07/1989,0456789012,0791316893
M.,Igor,Lapierre,U00096,Pharmgreen,Lyon,Direction Marketing / MARK,Marketing Opérationnel,Coordinateur Marketing,Justine,Gallet,P0607,DELL,03/07/1975,0421098765,0787838091
Mme,Xena,Leblanc,U00104,Pharmgreen,Lyon,Direction Marketing / MARK,Marketing stratégique,Analyste marketing,Amaury,Meyer,P0292,HP,25/09/1971,0421098765,0752205346
Mme,Flore,Leclercq,U00109,Pharmgreen,Lyon,Direction Marketing / MARK,Marketing Opérationnel,Chef de projet,Justine,Gallet,P0489,DELL,24/01/1985,0432109876,0629601834
Mme,Brigitte,Lucas,U00126,Pharmgreen,Lyon,Direction Marketing / MARK,-,Directeur Marketing,Kelly,Arnaud,P0649,DELL,16/04/2000,0412345678,0798083548
M.,Walter,Maillard,U00127,Pharmgreen,Lyon,Direction Marketing / MARK,Marketing stratégique,Analyste marketing,Amaury,Meyer,P0601,LENOVO,16/08/1981,0487654321,0785225605
M.,Olivier,Marechal,U00130,Pharmgreen,Lyon,Direction Marketing / MARK,Marketing Produit,Gestionaire de marque,Paulette,Huet,P0116,DELL,04/02/1976,0487654321,0763563050
M.,Tristan,Marie,U00131,Pharmgreen,Lyon,Direction Marketing / MARK,Marketing Digital,Analyste web,Sylvie,Charpentier,P0523,DELL,24/07/1975,0445678901,0648458518
M.,Amaury,Meyer,U00138,Pharmgreen,Lyon,Direction Marketing / MARK,Marketing stratégique,Chef de produit stratégique,Brigitte,Lucas,P0058,HP,02/02/2000,0412345678,0669097724
Mme,Hortense,Morvan,U00146,Pharmgreen,Lyon,Direction Marketing / MARK,Marketing Opérationnel,Assistant marketing,Justine,Gallet,P0046,DELL,14/08/1975,0434567890,0793763664
Mme,Nina,Pichon,U00164,Pharmgreen,Lyon,Direction Marketing / MARK,Marketing Produit,Chef de produit,Paulette,Huet,P0712,DELL,16/09/1980,0476543210,0613794690
Mme,Aisha,Abdullah,U00006,Pharmgreen,Lyon,R&D / RD,Innovation et Stratégie,Chercheur,Sofia,Rodriguez,P0820,DELL,09/10/1983,0476543210,-
Mme,Nora,Al-Hassan,U00008,Pharmgreen,Lyon,R&D / RD,Laboratoire,Responsable Laboratoire,Kelly,Arnaud,P0047,TOSHIBA,24/01/1987,0412345678,0694122527
M.,Xander,Bailly,U00012,Pharmgreen,Lyon,R&D / RD,Innovation et Stratégie,Chercheur,Sofia,Rodriguez,P0141,HP,31/07/1997,0476543210,-
M.,Kai,Chen,U00027,Pharmgreen,Lyon,R&D / RD,Laboratoire,Laborantin,Nora,Al-Hassan,P0359,TOSHIBA,30/12/1979,0456789012,-
M.,Lupe,Da Silva Del Esperanza,U00033,Pharmgreen,Lyon,R&D / RD,Laboratoire,Laborantin,Nora,Al-Hassan,P0360,TOSHIBA,18/06/1986,0476543210,-
Mme,Yolande,De Richemond,U00036,Pharmgreen,Lyon,R&D / RD,Innovation et Stratégie,Chercheur,Sofia,Rodriguez,P0269,LENOVO,25/09/1980,0421098765,-
M.,Youssef,El Amrani,U00048,Pharmgreen,Lyon,R&D / RD,Innovation et Stratégie,Chercheur,Sofia,Rodriguez,P0776,DELL,12/12/1977,0445678901,-
M.,Jean-pierre,Gadere,U00058,Pharmgreen,Lyon,R&D / RD,Innovation et Stratégie,Chercheur,Sofia,Rodriguez,P0801,DELL,07/11/1988,0412345678,-
Mme,Maria,Garcia-Lopez,U00063,Pharmgreen,Lyon,R&D / RD,Innovation et Stratégie,Chercheur,Sofia,Rodriguez,P0814,TOSHIBA,02/03/1971,0412345678,-
M.,Alejandro,Gomez,U00071,Pharmgreen,Lyon,R&D / RD,Laboratoire,Laborantin,Nora,Al-Hassan,P0245,DELL,30/12/1995,0445678901,-
M.,Juan,Hernandez,U00076,Pharmgreen,Lyon,R&D / RD,Innovation et Stratégie,Chercheur,Sofia,Rodriguez,P0830,TOSHIBA,20/11/1987,0412345678,-
Mme,Soffia,Itsch,U00082,Pharmgreen,Lyon,R&D / RD,Innovation et Stratégie,Chercheur,Sofia,Rodriguez,P0813,DELL,18/12/1985,0476543210,-
Mme,Katya,Ivanov,U00083,Pharmgreen,Lyon,R&D / RD,Innovation et Stratégie,Chercheur,Sofia,Rodriguez,P0832,DELL,05/07/1979,0434567890,-
M.,Ahmed,Khalid,U00088,Pharmgreen,Lyon,R&D / RD,Innovation et Stratégie,Chercheur,Sofia,Rodriguez,P0815,TOSHIBA,11/08/1990,0421098765,-
Mme,Nina,Kovačević,U00090,Pharmgreen,Lyon,R&D / RD,Laboratoire,Laborantin,Nora,Al-Hassan,P0216,DELL,20/04/1990,0412345678,-
M.,Ibrahim,Lebn',U00105,Pharmgreen,Lyon,R&D / RD,Innovation et Stratégie,Chercheur,Sofia,Rodriguez,P0812,DELL,30/06/1973,0434567890,-
Mme,Natasha,Lereculey,U00116,Pharmgreen,Lyon,R&D / RD,Innovation et Stratégie,Chercheur,Sofia,Rodriguez,P0791,HP,23/09/1975,0421098765,-
M.,Willy,Leroux,U00118,Pharmgreen,Lyon,R&D / RD,Innovation et Stratégie,Chercheur,Sofia,Rodriguez,P0162,TOSHIBA,12/12/1997,0423456789,-
M.,Chang,Li,U00121,Pharmgreen,Lyon,R&D / RD,Innovation et Stratégie,Chercheur,Sofia,Rodriguez,P0819,TOSHIBA,26/05/1977,0434567890,-
Mme,Mia-Lyn,Nguyen,U00149,Pharmgreen,Lyon,R&D / RD,Innovation et Stratégie,Chercheur,Sofia,Rodriguez,P0667,DELL,30/12/1978,0432109876,-
M.,Jamal,Nkrumah,U00151,Pharmgreen,Lyon,R&D / RD,Innovation et Stratégie,Chercheur,Sofia,Rodriguez,P0821,DELL,14/02/1992,0423456789,-
M.,Liam,O'Connor,U00152,Pharmgreen,Lyon,R&D / RD,Innovation et Stratégie,Chercheur,Sofia,Rodriguez,P0370,HP,28/05/1979,0440987654,-
Mme,Aya,Patel,U00155,Pharmgreen,Lyon,R&D / RD,Innovation et Stratégie,Chercheur,Sofia,Rodriguez,P0195,HP,28/08/1974,0434567890,-
Mme,Victoria,Perraud,U00156,Pharmgreen,Lyon,R&D / RD,Innovation et Stratégie,Chercheur,Sofia,Rodriguez,P0341,TOSHIBA,28/02/1972,0467890123,-
M.,Paul,Perrin-Girrard,U00159,Pharmgreen,Lyon,R&D / RD,Innovation et Stratégie,Chercheur,Sofia,Rodriguez,P0071,LENOVO,24/01/1971,0434567890,-
M.,Ivan,Petrov,U00163,Pharmgreen,Lyon,R&D / RD,Innovation et Stratégie,Chercheur,Sofia,Rodriguez,P0235,HP,26/07/1973,0487654321,-
M.,Ziad,Provost,U00170,Pharmgreen,Lyon,R&D / RD,Innovation et Stratégie,Chercheur,Sofia,Rodriguez,P0788,HP,16/07/1999,0412345678,-
Mme,Ines,Rex,U00172,Pharmgreen,Lyon,R&D / RD,Innovation et Stratégie,Chercheur,Sofia,Rodriguez,P0790,HP,15/04/1982,0487654321,-
Mme,Sofia,Rodriguez,U00178,Pharmgreen,Lyon,R&D / RD,Innovation et Stratégie,Responsable Recherche,Kelly,Arnaud,P0467,DELL,07/03/1994,0456789012,0667856189
Mme,Kelly,Arnaud,U00010,Pharmgreen,Lyon,RH / RH,-,Directeur-Adjoint RH,Lionel,Marchand,P0105,DELL,26/11/1988,0476543210,0770673819
Mme,Myriam,Aubert,U00011,Pharmgreen,Lyon,RH / RH,Formation,Formateur,Kelly,Arnaud,P0044,TOSHIBA,25/06/1990,0421098765,0731355860
M.,Jordan,Barbier,U00013,Pharmgreen,Lyon,RH / RH,Gestion des performances,Agent RH,Kelly,Arnaud,P0038,HP,14/11/1970,0487654321,-
Mme,Delphine,Boucher,U00019,Pharmgreen,Lyon,RH / RH,Gestion des performances,Agent RH,Kelly,Arnaud,P0104,DELL,14/11/1998,0434567890,-
M.,Étienne,Brun,U00022,Pharmgreen,Lyon,RH / RH,Gestion des performances,Agent RH,Kelly,Arnaud,P0536,TOSHIBA,12/02/1992,0412345678,-
M.,Cédric,Caron,U00023,Pharmgreen,Lyon,RH / RH,Gestion des performances,Agent RH,Kelly,Arnaud,P0450,HP,21/12/1998,0456789012,-
M.,Yves,Colin,U00030,Pharmgreen,Lyon,RH / RH,Recrutement,Agent RH,Kelly,Arnaud,P0461,DELL,06/12/1999,0440987654,-
M.,Noah,Dumas,U00042,Pharmgreen,Lyon,RH / RH,Formation,Formateur,Kelly,Arnaud,P0516,HP,20/01/1975,0421098765,0681305279
Mme,Wendy,Fontaine,U00053,Pharmgreen,Lyon,RH / RH,Recrutement,Agent RH,Kelly,Arnaud,P0490,TOSHIBA,26/08/1973,0445678901,-
Mme,Josepha,Fontainebleau,U00054,Pharmgreen,Lyon,RH / RH,Santé et sécurité au travail,Technicien HSE,Kelly,Arnaud,P0445,LENOVO,31/05/1998,0432109876,0753814244
Mme,Geneviève,Giraud,U00069,Pharmgreen,Lyon,RH / RH,Gestion des performances,Agent RH,Kelly,Arnaud,P0202,HP,23/03/1978,0421098765,-
M.,Timothée,Guillot,U00074,Pharmgreen,Lyon,RH / RH,Santé et sécurité au travail,Auditeur,Kelly,Arnaud,P0501,HP,25/11/1991,0412345678,0665661105
M.,Uriel,Hubert,U00080,Pharmgreen,Lyon,RH / RH,Santé et sécurité au travail,Animateur sécurité,Kelly,Arnaud,P0594,TOSHIBA,26/02/1984,0434567890,0655179627
M.,Henri,Joly,U00086,Pharmgreen,Lyon,RH / RH,Gestion des performances,Agent RH,Kelly,Arnaud,P0644,HP,10/03/1974,0423456789,-
Mme,Paule,Lacombe,U00091,Pharmgreen,Lyon,RH / RH,Santé et sécurité au travail,Technicien HSE,Kelly,Arnaud,P0504,HP,26/04/1983,0487654321,0696681410
Mme,Sara,Lebrun,U00106,Pharmgreen,Lyon,RH / RH,Santé et sécurité au travail,Technicien HSE,Kelly,Arnaud,P0068,TOSHIBA,08/01/1977,0412345678,0647307941
Mme,Xenia,Lechevalier,U00107,Pharmgreen,Lyon,RH / RH,Recrutement,Agent RH,Kelly,Arnaud,P0708,TOSHIBA,31/07/1985,0412345678,-
M.,Zacharie,Leclerc,U00108,Pharmgreen,Lyon,RH / RH,Recrutement,Agent RH,Kelly,Arnaud,P0485,DELL,25/09/1989,0432109876,-
Mme,Irène,Lemoine,U00114,Pharmgreen,Lyon,RH / RH,Gestion des performances,Agent RH,Kelly,Arnaud,P0595,LENOVO,06/04/1983,0476543210,-
M.,Lionel,Marchand,U00129,Pharmgreen,Lyon,RH / RH,-,Directeur RH,Kelly,Arnaud,P0328,LENOVO,08/11/1989,0445678901,0689914715
M.,Joseph,Poirier,U00166,Pharmgreen,Lyon,RH / RH,Recrutement,Agent RH,Kelly,Arnaud,P0669,DELL,04/04/1993,0434567890,-
M.,Nordman,Polock,U00167,Pharmgreen,Lyon,RH / RH,Gestion des performances,Agent RH,Kelly,Arnaud,P0167,LENOVO,15/06/1999,0443210987,-
Mme,Ophélie,Poulin,U00168,Pharmgreen,Lyon,RH / RH,Formation,Formateur,Kelly,Arnaud,P0772,DELL,17/05/1980,0445678901,0675781283
Mme,Blanche,Renaud,U00171,Pharmgreen,Lyon,RH / RH,Recrutement,Agent RH,Kelly,Arnaud,P0718,DELL,29/04/1977,0487654321,-
Mme,Sophie,Clement,U00029,Pharmgreen,Lyon,Service Juridique / JUR,Contrats,Responsable Juridique,Kelly,Arnaud,P0198,DELL,15/06/1998,0476543210,0773550482
M.,Ugo,Dumont,U00043,Pharmgreen,Lyon,Service Juridique / JUR,Contrats,Juriste,Sophie,Clement,P0368,DELL,22/05/1976,0423456789,-
M.,Thomas-Ambroise,Gauthier,U00067,Pharmgreen,Lyon,Service Juridique / JUR,Contrats,Juriste,Sophie,Clement,P0491,LENOVO,15/02/1994,0434567890,-
Mme,Véronique,Lopez,U00124,Pharmgreen,Lyon,Service Juridique / JUR,Contrats,Juriste,Sophie,Clement,P0175,DELL,28/02/1974,0434567890,-
M.,Romain,Mathieu,U00136,Pharmgreen,Lyon,Service Juridique / JUR,Contentieux,Juriste,Sophie,Clement,P0618,HP,18/04/1982,0445678901,-
Mme,Patricia,Morin,U00144,Pharmgreen,Lyon,Service Juridique / JUR,Contentieux,Juriste,Sophie,Clement,P0557,HP,07/09/1981,0412345678,-
Mme,Nathalie,Nicolas,U00150,Pharmgreen,Lyon,Service Juridique / JUR,Contentieux,Juriste,Sophie,Clement,P0654,TOSHIBA,14/07/1974,0421098765,-
M.,Oscar,Perrin,U00158,Pharmgreen,Lyon,Service Juridique / JUR,Contentieux,Juriste,Sophie,Clement,P0588,TOSHIBA,04/08/1998,0487654321,-
M.,Kenji,Tanaka,U00202,Pharmgreen,Lyon,Service Juridique / JUR,Propriété intellectuelle,Juriste,Sophie,Clement,PA05632,TOSHIBA,17/10/2001,0187436250,-
M.,Mohamed,Al-Amin,U00007,Pharmgreen,Lyon,Services Généraux / SG,Logistique,Agent logistique,Julien,Marie,P0096,LENOVO,29/11/1998,0467890123,0604266370
Mme,Isabella,Da Silva,U00032,Pharmgreen,Lyon,Services Généraux / SG,Logistique,Agent logistique,Julien,Marie,P0367,DELL,05/11/1976,0440987654,0766638327
M.,Baptiste,Gros,U00072,Pharmgreen,Lyon,Services Généraux / SG,Logistique,Agent logistique,Julien,Marie,P0680,TOSHIBA,02/10/1989,0412345678,0764635179
Mme,Hélena,Ivanova,U00084,Pharmgreen,Lyon,Services Généraux / SG,Gestion Immobilière,Gestionnaire immobilier,Julien,Marie,P0616,DELL,09/12/1992,0445678901,-
M.,Nathan,Le Roux,U00102,Pharmgreen,Lyon,Services Généraux / SG,Logistique,Agent logistique,Julien,Marie,P0745,LENOVO,02/10/1989,0412345678,0630771729
Mme,Naomie,Lerocher,U00117,Pharmgreen,Lyon,Services Généraux / SG,Logistique,Agent logistique,Julien,Marie,P0558,HP,01/04/1999,0432109876,0698121096
M.,Julien,Marie,U00132,Pharmgreen,Lyon,Services Généraux / SG,Logistique,Responsable Logistique,Kelly,Arnaud,P0308,LENOVO,11/09/1992,0476543210,0725806448
M.,Jérômine,Perrot,U00160,Pharmgreen,Lyon,Services Généraux / SG,Logistique,Agent logistique,Julien,Marie,P0728,HP,17/11/1980,0421098765,0734782819
Mme,Charlotte-Léonie,Prevost,U00169,Pharmgreen,Lyon,Services Généraux / SG,Logistique,Agent logistique,Julien,Marie,P0039,DELL,08/03/1970,0421098765,0702281809
M.,Arjun,Singh,U00196,Pharmgreen,Lyon,Services Généraux / SG,Gestion Immobilière,Gestionnaire immobilier,Julien,Marie,P0293,TOSHIBA,23/07/1982,0456789012,-
Mme,Amelia,Smith,U00198,Pharmgreen,Lyon,Services Généraux / SG,Logistique,Agent logistique,Julien,Marie,P0454,DELL,17/12/1970,0456789012,0686930017
M.,Hiroto,Takahashi,U00201,Pharmgreen,Lyon,Services Généraux / SG,Logistique,Agent logistique,Julien,Marie,P0711,LENOVO,31/08/1975,0487654321,0603807402
Mme,Béatrice,Bonnet,U00018,Pharmgreen,Lyon,Systèmes d'Information / SI,Développement logiciel,Développeur,Tina,Le Hecourt,P0249,LENOVO,20/10/1999,0421098765,-
M.,Pierre,David,U00034,Pharmgreen,Lyon,Systèmes d'Information / SI,Data,Data scientist,Tina,Le Hecourt,P0357,TOSHIBA,23/12/1989,0456789012,-
M.,Cyril,François,U00056,Pharmgreen,Lyon,Systèmes d'Information / SI,Développement logiciel,Développeur,Tina,Le Hecourt,P0124,TOSHIBA,31/01/1989,0487654321,-
Mme,Tina,Le Hecourt,U00005 / A00005,Pharmgreen,Lyon,Systèmes d'Information / SI,-,Directrice informatique,Kelly,Arnaud,P0343,TOSHIBA,19/06/1986,0476543210,0699164527
M.,Hassan,Liffite,U00122,Pharmgreen,Lyon,Systèmes d'Information / SI,Data,Data scientist,Tina,Le Hecourt,P0267,DELL,13/09/1995,0467890123,-
Mme,Rosalie,Roux,U00185,Pharmgreen,Lyon,Systèmes d'Information / SI,Data,Data scientist,Tina,Le Hecourt,P0277,HP,20/12/1997,0456789012,-
Mme,Chloé,Bernard,U00014,Pharmgreen,Lyon,Ventes et Développement Commercial / VDC,Développement internationnal,Commercial,Sarah,Lefranc,P0042,HP,05/02/1988,0456789012,0631423219
M.,Nicolas,Bertrand,U00015,Pharmgreen,Lyon,Ventes et Développement Commercial / VDC,ADV,Gestionnaire ADV,Louis,Laurent,P0180,DELL,30/05/1991,0476543210,0785401077
Mme,Laura,David,U00035,Pharmgreen,Lyon,Ventes et Développement Commercial / VDC,B2B,Commercial,Elena,Robert,P0707,HP,22/03/1971,0440987654,0791275326
Mme,Clara,Dubois,U00039,Pharmgreen,Lyon,Ventes et Développement Commercial / VDC,B2B,Commercial,Elena,Robert,P0053,HP,30/03/1991,0476543210,0611551242
Mme,Juliette-Claire,Dubonnet,U00041,Pharmgreen,Lyon,Ventes et Développement Commercial / VDC,ADV,Gestionnaire ADV,Louis,Laurent,P0777,TOSHIBA,11/03/1983,0445678901,0768119524
Mme,Emma,Dupont,U00045,Pharmgreen,Lyon,Ventes et Développement Commercial / VDC,Grands Comptes,Commercial,Mélanie,Lefebvre,P0460,TOSHIBA,18/06/1987,0487654321,0710917834
M.,Hugo,Durand,U00047,Pharmgreen,Lyon,Ventes et Développement Commercial / VDC,B2C,Commercial,Karine,Simon,P0524,TOSHIBA,13/01/1974,0445678901,0676900215
Mme,Camille,Fournier,U00055,Pharmgreen,Lyon,Ventes et Développement Commercial / VDC,ADV,Gestionnaire ADV,Louis,Laurent,P0122,DELL,20/09/1970,0456789012,0705492767
Mme,Élise,François-D'Assise,U00057,Pharmgreen,Lyon,Ventes et Développement Commercial / VDC,ADV,Gestionnaire ADV,Louis,Laurent,P0428,HP,03/03/1995,0487654321,0701519889
M.,Luna,Garcchado,U00061,Pharmgreen,Lyon,Ventes et Développement Commercial / VDC,Service achat,Acheteur,Oliver,Johnson,P0493,HP,05/12/1999,0434567890,0740080910
Mme,Julie,Garcia,U00062,Pharmgreen,Lyon,Ventes et Développement Commercial / VDC,ADV,Gestionnaire ADV,Louis,Laurent,P0705,DELL,24/06/1976,0412345678,0686992516
Mme,Olivia,Garcimor,U00064,Pharmgreen,Lyon,Ventes et Développement Commercial / VDC,Grands Comptes,Commercial,Mélanie,Lefebvre,P0709,DELL,03/01/1976,0456789012,0723385865
M.,Thomas,Girard,U00068,Pharmgreen,Lyon,Ventes et Développement Commercial / VDC,ADV,Gestionnaire ADV,Louis,Laurent,P0456,TOSHIBA,10/04/1977,0412345678,0718755210
M.,Oliver,Johnson,U00085,Pharmgreen,Lyon,Ventes et Développement Commercial / VDC,Service achat,Responsable achat,Sarah,Lefranc,P0584,TOSHIBA,16/02/1991,0434567890,0733632584
M.,Libou,Khamin,U00089,Pharmgreen,Lyon,Ventes et Développement Commercial / VDC,B2B,Commercial,Elena,Robert,P0099,HP,16/08/1989,0432109876,0698556201
Mme,Jessy,Lair,U00093,Pharmgreen,Lyon,Ventes et Développement Commercial / VDC,B2B,Commercial,Elena,Robert,P0077,LENOVO,16/04/1971,0440987654,0633376803
M.,Antoine,Lambert,U00095,Pharmgreen,Lyon,Ventes et Développement Commercial / VDC,ADV,Gestionnaire ADV,Louis,Laurent,P0734,LENOVO,17/03/1990,0487654321,0602772816
M.,Louis,Laurent,U00097,Pharmgreen,Lyon,Ventes et Développement Commercial / VDC,ADV,Responsable ADV,Sarah,Lefranc,P0572,DELL,05/08/1976,0423456789,0668251481
M.,Théophile,Laurent-Laffitte,U00098,Pharmgreen,Lyon,Ventes et Développement Commercial / VDC,B2B,Commercial,Elena,Robert,P0528,HP,28/05/1988,0421098765,0754982135
Mme,Gabrielle,Le Petit,U00101,Pharmgreen,Lyon,Ventes et Développement Commercial / VDC,B2C,Commercial,Karine,Simon,P0659,DELL,08/06/1984,0476543210,0752201129
Mme,Isabelle,Le Roy,U00103,Pharmgreen,Lyon,Ventes et Développement Commercial / VDC,B2C,Commercial,Karine,Simon,P0408,TOSHIBA,11/07/1982,0412345678,0635913014
Mme,Mélanie,Lefebvre,U00110,Pharmgreen,Lyon,Ventes et Développement Commercial / VDC,Grands Comptes,Responsable Grands Comptes,Sarah,Lefranc,P0628,LENOVO,06/12/1973,0456789012,0779466973
M.,Raphaël,Lefebvre,U00111,Pharmgreen,Lyon,Ventes et Développement Commercial / VDC,Service Client,Agent Client,Alexandre,Rouxel,P0019,LENOVO,03/02/1973,0467890123,0681608883
Mme,Sarah,Lefranc,U00112,Pharmgreen,Lyon,Ventes et Développement Commercial / VDC,Développement internationnal,Directrice Commercial,Kelly,Arnaud,P0362,LENOVO,27/06/1973,0476543210,0744720692
Mme,Marie,Leroux,U00119,Pharmgreen,Lyon,Ventes et Développement Commercial / VDC,Service Client,Agent Client,Alexandre,Rouxel,P0291,HP,06/06/1981,0456789012,0686781565
M.,Hugo,Leroy,U00120,Pharmgreen,Lyon,Ventes et Développement Commercial / VDC,Développement internationnal,Commercial,Sarah,Lefranc,P0194,HP,21/10/1995,0421098765,0799311104
M.,Èsteban,Lomez,U00123,Pharmgreen,Lyon,Ventes et Développement Commercial / VDC,B2B,Commercial,Elena,Robert,P0369,DELL,30/08/1976,0423456789,0778840637
M.,Jeremy,Lorrain,U00125,Pharmgreen,Lyon,Ventes et Développement Commercial / VDC,B2B,Commercial,Elena,Robert,P0186,DELL,05/04/1979,0412345678,0788960245
Mme,Alice,Martin,U00133,Pharmgreen,Lyon,Ventes et Développement Commercial / VDC,B2B,Commercial,Elena,Robert,P0086,HP,04/05/1989,0456789012,0792624936
M.,Lucas,Martin,U00134,Pharmgreen,Lyon,Ventes et Développement Commercial / VDC,Grands Comptes,Commercial,Mélanie,Lefebvre,P0033,DELL,09/08/1986,0467890123,0634335136
Mme,Andréa,Marton,U00135,Pharmgreen,Lyon,Ventes et Développement Commercial / VDC,B2B,Commercial,Elena,Robert,P0182,DELL,22/12/1995,0445678901,0685410356
Mme,Léa,Michel,U00139,Pharmgreen,Lyon,Ventes et Développement Commercial / VDC,B2B,Commercial,Elena,Robert,P0390,DELL,28/08/1979,0434567890,0612044334
Mme,Alicia,Moreau,U00141,Pharmgreen,Lyon,Ventes et Développement Commercial / VDC,Développement internationnal,Commercial,Sarah,,P0710,LENOVO,14/03/1976,0432109876,0737563611
M.,Mathieu,Morel,U00142,Pharmgreen,Lyon,Ventes et Développement Commercial / VDC,Service Client,Agent Client,Alexandre,Rouxel,P0425,LENOVO,15/05/1987,0412345678,0764889123
M.,Jérôme,Morotti,U00145,Pharmgreen,Lyon,Ventes et Développement Commercial / VDC,B2C,Commercial,Karine,Simon,P0775,TOSHIBA,15/02/1981,0445678901,0743570154
M.,Dmitri,Orlov,U00153,Pharmgreen,Lyon,Ventes et Développement Commercial / VDC,Service achat,Acheteur,Oliver,Johnson,P0348,TOSHIBA,12/07/1982,0432109876,0665247366
M.,Maxime,Petit,U00162,Pharmgreen,Lyon,Ventes et Développement Commercial / VDC,Développement internationnal,Commercial,Sarah,Lefranc,P0260,DELL,14/07/1980,0434567890,0724827047
M.,Fabien,Richard,U00175,Pharmgreen,Lyon,Ventes et Développement Commercial / VDC,B2C,Commercial,Karine,Simon,P0241,HP,25/01/1994,0412345678,0625993239
Mme,Elena,Robert,U00177,Pharmgreen,Lyon,Ventes et Développement Commercial / VDC,B2B,Responsable B2B,Sarah,Lefranc,P0188,LENOVO,06/01/1990,0487654321,0635656037
M.,Marc,Roussel,U00183,Pharmgreen,Lyon,Ventes et Développement Commercial / VDC,Service achat,Acheteur,Oliver,Johnson,P0569,DELL,20/06/1985,0476543210,0704322288
M.,Alexandre,Rouxel,U00186,Pharmgreen,Lyon,Ventes et Développement Commercial / VDC,Service Client,Responsable Service Client,Sarah,Lefranc,P0451,TOSHIBA,05/09/1993,0421098765,0730476005
Mme,Karine,Simon,U00193,Pharmgreen,Lyon,Ventes et Développement Commercial / VDC,B2C,Responsable B2C,Sarah,Lefranc,P0031,LENOVO,09/08/1998,0421098765,0615375578
M.,David,Thomas,U00205,Pharmgreen,Lyon,Ventes et Développement Commercial / VDC,B2B,Commercial,Elena,Robert,P0606,DELL,30/12/1989,0467890123,0611737329
Mme,Olga,Üt,U00207,Pharmgreen,Lyon,Ventes et Développement Commercial / VDC,Grands Comptes,Commercial,Mélanie,Lefebvre,P0783,HP,22/02/1971,0412345678,0729966375
Mme,Manon,Vincent,U00210,Pharmgreen,Lyon,Ventes et Développement Commercial / VDC,Service Client,Agent Client,Alexandre,Rouxel,P0243,DELL,13/04/1974,0440987654,0749174856
Mme,Fatima,Zahra,U00215,Pharmgreen,Lyon,Ventes et Développement Commercial / VDC,Service achat,Acheteur,Oliver,Johnson,P0363,TOSHIBA,21/06/1978,0445678901,0698997028
M.,Saiah,Benfriha,U00001 / A00001,Prestagreen,National,Prestataires Installation Infrastructure Réseau,Prestataire,Technicien Exterieur,Dominique,Coleville,PR01,DELL,01/01/1965,-,?
M.,Camille,Bonnefoy,U00002 / A00002,Prestagreen,National,Prestataires Installation Infrastructure Réseau,Prestataire,Technicien Exterieur,Dominique,Coleville,PR02,LENOVO,24/10/1989,-,?
M.,Aymeric,LeContellec,U00003 / A00003,Prestagreen,National,Prestataires Installation Infrastructure Réseau,Prestataire,Technicien Exterieur,Dominique,Coleville,PR03,HP,15/06/1995,-,?
M.,Zishan,Aslam,U00004 / A00004,Prestagreen,National,Prestataires Installation Infrastructure Réseau,Prestataire,Technicien Exterieur,Dominique,Coleville,PR04,LENOVO,21/03/1992,-,?
M/Mme,John,Doe,U99999,Pharmgreen,Lyon,Invité / INV,Prestataire / Intérim,Stagiaire,A,Définir,-,-,-,-,-
,,,,,,,,,,,Pxxxxx,,,,
,,,,,,,,,,,,,,,
,,,,,,,,,,,,,,,
,,,,,,,,,,,,,,,
,,,,,,,,,, ,,,,,