Civilité,Prénom,Nom,Matricule ID,fonction,fonction post feminisation
M.,Dmitri,Orlov,U00153,Acheteur,
M.,Luna,Garcchado,U00061,Acheteur,
M.,Marc,Roussel,U00183,Acheteur,
M.,Raphaël,Lefebvre,U00111,Agent Client,
M.,Mathieu,Morel,U00142,Agent Client,
M.,Mohamed,Al-Amin,U00007,Agent logistique,
M.,Baptiste,Gros,U00072,Agent logistique,
M.,Hiroto,Takahashi,U00201,Agent logistique,
M.,Jérômine,Perrot,U00160,Agent logistique,
M.,Nathan,Le Roux,U00102,Agent logistique,
M.,Jordan,Barbier,U00013,Agent RH,
M.,Nordman,Polock,U00167,Agent RH,
M.,Cédric,Caron,U00023,Agent RH,
M.,Yves,Colin,U00030,Agent RH,
M.,Zacharie,Leclerc,U00108,Agent RH,
M.,Étienne,Brun,U00022,Agent RH,
M.,Henri,Joly,U00086,Agent RH,
M.,Joseph,Poirier,U00166,Agent RH,
M.,Gabriel,Mercier,U00137,Analyste financier,
M.,Victor,Lemoine-Franquin,U00115,Analyste financier,
M.,Leon,Müller,U00148,Analyste financier,
M.,Walter,Maillard,U00127,Analyste marketing,
M.,Tristan,Marie,U00131,Analyste web,
M.,Uriel,Hubert,U00080,Animateur sécurité,
M.,Kévin,Muller,U00147,Assistant de direction,
M.,Gaël,Du Garnier,U00038,Assistant marketing,
M.,Timothée,Guillot,U00074,Auditeur,
M.,Gilles,Faure,U00049,CEO,
M.,Adrian,Schultz,U00191,Chargé de presse,
M.,Charles,Fernandez,U00050,Chargé de promotion,
M.,Édouard,Boulanger,U00020,Chargé de promotion,
M.,Carlos,Alvarez,U00009,Chargé en droit de la communication,
M.,Kylian,Chauvin,U00026,Chef de produit,
M.,Amaury,Meyer,U00138,Chef de produit stratégique,
M.,Paul,Perrin-Girrard,U00159,Chercheur,
M.,Xander,Bailly,U00012,Chercheur,
M.,Willy,Leroux,U00118,Chercheur,
M.,Ivan,Petrov,U00163,Chercheur,
M.,Liam,O'Connor,U00152,Chercheur,
M.,Youssef,El Amrani,U00048,Chercheur,
M.,Ziad,Provost,U00170,Chercheur,
M.,Jean-pierre,Gadere,U00058,Chercheur,
M.,Ibrahim,Lebn',U00105,Chercheur,
M.,Ahmed,Khalid,U00088,Chercheur,
M.,Chang,Li,U00121,Chercheur,
M.,Jamal,Nkrumah,U00151,Chercheur,
M.,Juan,Hernandez,U00076,Chercheur,
M.,Lucas,Martin,U00134,Commercial,
M.,Libou,Khamin,U00089,Commercial,
M.,Jeremy,Lorrain,U00125,Commercial,
M.,Hugo,Leroy,U00120,Commercial,
M.,Fabien,Richard,U00175,Commercial,
M.,Maxime,Petit,U00162,Commercial,
M.,Èsteban,Lomez,U00123,Commercial,
M.,Hugo,Durand,U00047,Commercial,
M.,Théophile,Laurent-Laffitte,U00098,Commercial,
M.,David,Thomas,U00205,Commercial,
M.,Jérôme,Morotti,U00145,Commercial,
M.,Rémi,Deschamps,U00037,Community manager,
M.,Romain,Gauthier,U00066,Comptable,
M.,Mathieu,Roux,U00184,Comptable,
M.,Ulrich,Da Silva,U00031,Content manager,
M.,Quentin,Blanchard,U00017,Contrôleur de gestion,
M.,Igor,Lapierre,U00096,Coordinateur Marketing,
M.,Hassan,Liffite,U00122,Data scientist,
M.,Pierre,David,U00034,Data scientist,
M.,Felix,Hoffmann,U00078,Designer graphique,
M.,Cyril,François,U00056,Développeur,
M.,Sacha,Sacha-David,U00187,Développeur,
M.,Benjamin,Schmitt,U00189,Développeur,
M.,Adam,Thomas,U00204,Développeur,
M.,Abdou,Selim,U00192,Développeur,
M.,Hiroshi,Sow,U00199,Développeur,
M.,Maximilian,Wagner,U00211,Développeur,
M.,David,Vidal,U00209,Développeur,
M.,Hao,Wang,U00212,Développeur,
M.,Kaito,Takahashi,U00200,Développeur,
M.,Émile,Legrand,U00113,Directeur adjoint,
M.,Lionel,Marchand,U00129,Directeur RH,
M.,Noah,Dumas,U00042,Formateur,
M.,Olivier,Marechal,U00130,Gestionaire de marque,
M.,Nicolas,Bertrand,U00015,Gestionnaire ADV,
M.,Thomas,Girard,U00068,Gestionnaire ADV,
M.,Antoine,Lambert,U00095,Gestionnaire ADV,
M.,Arjun,Singh,U00196,Gestionnaire immobilier,
M.,Jean-Pascal,Millith,U00140,Ingénieur son,
M.,Ugo,Dumont,U00043,Juriste,
M.,Thomas-Ambroise,Gauthier,U00067,Juriste,
M.,Oscar,Perrin,U00158,Juriste,
M.,Romain,Mathieu,U00136,Juriste,
M.,Kenji,Tanaka,U00202,Juriste,
M.,Alejandro,Gomez,U00071,Laborantin,
M.,Kai,Chen,U00027,Laborantin,
M.,Lupe,Da Silva Del Esperanza,U00033,Laborantin,
M.,Jean-Henri,Lambert,U00094,Photographe,
M.,Lukas,Rousseau,U00180,photographe,
M.,Marco,Ricci,U00174,Publicitaire,
M.,Giovanni,Moretti,U00143,Publicitaire,
M.,Jean,Maire,U00128,Réalisateur,
M.,Oliver,Johnson,U00085,Responsable achat,
M.,Louis,Laurent,U00097,Responsable ADV,
M.,Raj,Traoré,U00206,Responsable dev,
M.,Julien,Marie,U00132,Responsable Logistique,
M.,Luca,Rizzo,U00176,Responsable publicité,
M.,Alexandre,Chevalier,U00028,Responsable relation média,
M.,Alexandre,Rouxel,U00186,Responsable Service Client,
M.,Gaetan,Roussel,U00182,Webmaster,
Mme,Fatima,Zahra,U00215,Acheteur,Acheteuse
Mme,Manon,Vincent,U00210,Agent Client,Agent Client
Mme,Marie,Leroux,U00119,Agent Client,Agent Client
Mme,Charlotte-Léonie,Prevost,U00169,Agent logistique,Agent logistique
Mme,Isabella,Da Silva,U00032,Agent logistique,Agent logistique
Mme,Amelia,Smith,U00198,Agent logistique,Agent logistique
Mme,Naomie,Lerocher,U00117,Agent logistique,Agent logistique
Mme,Delphine,Boucher,U00019,Agent RH,Agent RH
Mme,Geneviève,Giraud,U00069,Agent RH,Agent RH
Mme,Wendy,Fontaine,U00053,Agent RH,Agent RH
Mme,Irène,Lemoine,U00114,Agent RH,Agent RH
Mme,Xenia,Lechevalier,U00107,Agent RH,Agent RH
Mme,Blanche,Renaud,U00171,Agent RH,Agent RH
Mme,Morgane,Palaiseau,U00154,Analyste financier,Analyste financuere
Mme,Justinia,Lafontaine,U00092,Analyste financier,Analyste financiere
Mme,Xena,Leblanc,U00104,Analyste marketing,Analyste marketing
Mme,Vanessa,Boyer,U00021,Analyste marketing,Analyste marketing
Mme,Hélène,Rousseau,U00181,Assistant de direction,Assistante de direction
Mme,Laure,Henry,U00075,Assistant de direction,Assistante de direction
Mme,Fanny,Garnier,U00065,Assistant de direction,Assistante de direction
Mme,Hortense,Morvan,U00146,Assistant marketing,Assistante marketing
Mme,Ariane,Kaine,U00087,Caméraman,Cameraman
Mme,Virginie,Perrin,U00157,Chargé de communication,Chargee de communucation
Mme,Léa,Gagnon-Leclercq,U00059,Chargé de presse,Chargee de presse
Mme,Danielle,Carpentier,U00024,Chargé de promotion,Chargee de promotion
Mme,Nina,Pichon,U00164,Chef de produit,Cheffe de produit
Mme,Flore,Leclercq,U00109,Chef de projet,Cheffe de projet
Mme,Aya,Patel,U00155,Chercheur,Chercheuse
Mme,Yolande,De Richemond,U00036,Chercheur,Chercheuse
Mme,Victoria,Perraud,U00156,Chercheur,Chercheuse
Mme,Mia-Lyn,Nguyen,U00149,Chercheur,Chercheuse
Mme,Ines,Rex,U00172,Chercheur,Chercheuse
Mme,Natasha,Lereculey,U00116,Chercheur,Chercheuse
Mme,Soffia,Itsch,U00082,Chercheur,Chercheuse
Mme,Maria,Garcia-Lopez,U00063,Chercheur,Chercheuse
Mme,Aisha,Abdullah,U00006,Chercheur,Chercheuse
Mme,Katya,Ivanov,U00083,Chercheur,Chercheuse
Mme,Chloé,Bernard,U00014,Commercial,Commerciale
Mme,Clara,Dubois,U00039,Commercial,Commerciale
Mme,Jessy,Lair,U00093,Commercial,Commerciale
Mme,Alice,Martin,U00133,Commercial,Commerciale
Mme,Andréa,Marton,U00135,Commercial,Commerciale
Mme,Léa,Michel,U00139,Commercial,Commerciale
Mme,Isabelle,Le Roy,U00103,Commercial,Commerciale
Mme,Emma,Dupont,U00045,Commercial,Commerciale
Mme,Gabrielle,Le Petit,U00101,Commercial,Commerciale
Mme,Laura,David,U00035,Commercial,Commerciale
Mme,Olivia,Garcimor,U00064,Commercial,Commerciale
Mme,Alicia,Moreau,U00141,Commercial,Commerciale
Mme,Olga,Üt,U00207,Commercial,Commerciale
Mme,Estelle,Dubois--Melun,U00040,Comptable,Comptable
Mme,Eva,Reyer,U00173,Contrôleur de gestion,Controleuse de gestion
Mme,Louisa,Dupont,U00044,Contrôleur de gestion,Controleuse de gestion
Mme,Zoé,Dupuis,U00046,Contrôleur de gestion,Controleuse de gestion
Mme,Anaïs,Fontaine,U00052,Contrôleur de gestion,Controleuse de gestion
Mme,Aurélie,Petit,U00161,DAF,DAF
Mme,Rosalie,Roux,U00185,Data scientist,Data scientist
Mme,Valérie,Houddin,U00079,Designer graphique,Designer graphique
Mme,Béatrice,Bonnet,U00018,Développeur,Developpeuse
Mme,Aurélie,Yosef,U00214,Développeur,Developpeuse
Mme,Nadège,Rouiller,U00179,Développeur,Developpeuse
Mme,Julia,Schneider,U00190,Développeur,Developpeuse
Mme,Anya,Yamada,U00213,Développeur,Developpeuse
Mme,Zineb,Verma,U00208,Développeur,Developpeuse
Mme,Zoe,Smith,U00197,Développeur,Developpeuse
Mme,Eva,Simonet,U00194,Développeur,Developpeuse
Mme,Brigitte,Lucas,U00126,Directeur Marketing,Directrice Marketing
Mme,Kelly,Arnaud,U00010,Directeur-Adjoint RH,Directrice-Adjoint RH
Mme,Sarah,Lefranc,U00112,Directrice Commercial,Directrice Commerciale
Mme,Valentina,Ferrari,U00051,Directrice communication,Directrice communication
Mme,Tina,Le Hecourt,U00005 / A00005,Directrice informatique,Directrice informatique
Mme,Myriam,Aubert,U00011,Formateur,Formatrice
Mme,Ophélie,Poulin,U00168,Formateur,Formatrice
Mme,Camille,Fournier,U00055,Gestionnaire ADV,Gestionnaire ADV
Mme,Élise,François-D'Assise,U00057,Gestionnaire ADV,Gestionnaire ADV
Mme,Julie,Garcia,U00062,Gestionnaire ADV,Gestionnaire ADV
Mme,Juliette-Claire,Dubonnet,U00041,Gestionnaire ADV,Gestionnaire ADV
Mme,Hélena,Ivanova,U00084,Gestionnaire immobilier,Gestionnaire immobilier
Mme,Véronique,Lopez,U00124,Juriste,Juriste
Mme,Patricia,Morin,U00144,Juriste,Juriste
Mme,Nathalie,Nicolas,U00150,Juriste,Juriste
Mme,Nina,Kovačević,U00090,Laborantin,Laborantine
Mme,Elodie,Le Boucher,U00099,Publicitaire,Publicitaire
Mme,Pauline,Blanc,U00016,Publicitaire,Publicitaire
Mme,Noémie,Pichonnet,U00165,Publicitaire,Publicitaire
Mme,Amélie,Le Fournil,U00100,Publicitaire,Publicitaire
Mme,Elsa,Tashi,U00203,Rédacteur,Redactrice
Mme,Salma,Singh,U00195,Rédacteur,Redactrice
Mme,Elena,Robert,U00177,Responsable B2B,Responsable B2B
Mme,Karine,Simon,U00193,Responsable B2C,Responsable B2C
Mme,Paulette,Huet,U00081,Responsable de gamme,Responsable de gamme
Mme,Mélanie,Lefebvre,U00110,Responsable Grands Comptes,Responsable Grands Comptes
Mme,Sophie,Clement,U00029,Responsable Juridique,Responsable Juridique
Mme,Nora,Al-Hassan,U00008,Responsable Laboratoire,Responsable Laboratoire
Mme,Sylvie,Charpentier,U00025,Responsable marketing digital,Responsable marketing digital
Mme,Justine,Gallet,U00060,Responsable Marketing Operationnel,Responsable Marketing Operationnel
Mme,Sofia,Rodriguez,U00178,Responsable Recherche,Responsable Recherche
Mme,Elena,Sánchez,U00188,Responsable test et qualité,Responsable test et qualité
Mme,Mia,Heschklaesh,U00077,Secrétaire,Secretaire
Mme,Juliette,Guerin,U00073,Secrétaire,Secretaire
Mme,Sara,Lebrun,U00106,Technicien HSE,Technicienne HSE
Mme,Josepha,Fontainebleau,U00054,Technicien HSE,Technicienne HSE
Mme,Paule,Lacombe,U00091,Technicien HSE,Technicienne HSE
Mme,Charlotte,Giroux,U00070,Webmaster,Webmaster
M.,Saiah,Benfriha,U00001 / A00001,Technicien Exterieur,
M.,Camille,Bonnefoy,U00002 / A00002,Technicien Exterieur,
M.,Aymeric,LeContellec,U00003 / A00003,Technicien Exterieur,
M.,Zishan,Aslam,U00004 / A00004,Technicien Exterieur,
M/Mme,John,Doe,U99999,Stagiaire
